{
  "dataset_variant": "percent10",
  "selection_metric": "qini_auc",
  "tie_breaker_metric": "policy_gain_top20",
  "best_model_family": "ft_transformer",
  "models": {
    "ft_transformer": {
      "best_value": 0.21135623579336912,
      "best_params": {
        "embedding_dim": 64,
        "num_layers": 3,
        "num_heads": 4,
        "dropout": 0.132506290405946,
        "hidden_dim": 128,
        "learning_rate": 0.00018864638760480244,
        "weight_decay": 8.148783022525741e-05,
        "batch_size": 1024
      }
    },
    "s_learner_logistic": {
      "best_value": 0.18626610262262067,
      "best_params": {
        "C": 0.01243643121089768,
        "penalty": "l2",
        "class_weight": null,
        "max_iter": 500
      }
    }
  },
  "generated_at_utc": "2026-05-03T08:08:33.144151+00:00"
}