{
  "dataset_variant": "percent10",
  "selection_metric": "qini_auc",
  "tie_breaker_metric": "policy_gain_top20",
  "best_model_family": "ft_transformer",
  "models": {
    "ft_transformer": {
      "best_value": 0.21147996692812898,
      "best_params": {
        "embedding_dim": 64,
        "num_layers": 3,
        "num_heads": 2,
        "dropout": 0.18334927667733136,
        "hidden_dim": 128,
        "learning_rate": 0.00020311503013123748,
        "weight_decay": 3.155210141316047e-05,
        "batch_size": 1024
      }
    },
    "s_learner_logistic": {
      "best_value": 0.18638767959652625,
      "best_params": {
        "C": 0.010002031468126185,
        "penalty": "l2",
        "class_weight": null,
        "max_iter": 500
      }
    }
  },
  "generated_at_utc": "2026-05-03T15:02:58.261988+00:00"
}