model_name,treatment_response_auc,qini_auc,uplift_auc,policy_gain_top10,policy_gain_top20,policy_gain_top30,mean_predicted_uplift,positive_uplift_rate
ft_transformer,0.9460505681498422,0.1754528411746481,0.005665249838755628,0.008924764819393357,0.004807301727527318,0.0033541477288097817,0.00039550896717772255,0.6509819069692028
s_learner_logistic,0.9496880164126492,0.17306557900810737,0.0055920840045551165,0.008400230534112877,0.0048280614013361586,0.0033638244738246484,0.001132029162015045,1.0
two_model_logistic,0.9494382555932446,0.14969434819566507,0.00482473778196343,0.00783230405491182,0.0041903247714436525,0.0031893245764717812,0.0010551765979042562,0.9964090531917937
t_learner_logistic,0.9494382555932446,0.14969434819566507,0.00482473778196343,0.00783230405491182,0.0041903247714436525,0.0031893245764717812,0.0010551765979042562,0.9964090531917937
