model_name,treatment_response_auc,qini_auc,uplift_auc,policy_gain_top10,policy_gain_top20,policy_gain_top30,mean_predicted_uplift,positive_uplift_rate
ft_transformer,0.9561392354277592,0.1872075652965817,0.006060080307094554,0.008237387767763404,0.00490732153389759,0.0035085276847890527,0.0007688407039577874,0.9999610146073616
s_learner_logistic,0.9501663788353588,0.1865987462877871,0.006039971793537997,0.008527157218906196,0.004894770008528863,0.0034617014664589827,0.0011818970528479449,1.0
two_model_logistic,0.9502282920664304,0.18124087940705266,0.00586204264053127,0.00822438211304867,0.004819529134036065,0.0034298743131961837,0.0009855683909505536,0.9999577956299879
t_learner_logistic,0.9502282920664304,0.18124087940705266,0.00586204264053127,0.00822438211304867,0.004819529134036065,0.0034298743131961837,0.0009855683909505536,0.9999577956299879
