model_name,treatment_response_auc,qini_auc,uplift_auc,policy_gain_top10,policy_gain_top20,policy_gain_top30,mean_predicted_uplift,positive_uplift_rate
s_learner_logistic,0.9501663788353588,0.1865987462877871,0.006039971793537997,0.008527157218906196,0.004894770008528863,0.0034617014664589827,0.0011818970528479449,1.0
ft_transformer,0.9557699763586631,0.1861821782428994,0.0060237316138999205,0.008569373667335626,0.004829240359870316,0.0035060913448798133,0.0007065297251763408,0.9999982116792367
two_model_logistic,0.9502282920664304,0.18124087940705266,0.00586204264053127,0.00822438211304867,0.004819529134036065,0.0034298743131961837,0.0009855683909505536,0.9999577956299879
t_learner_logistic,0.9502282920664304,0.18124087940705266,0.00586204264053127,0.00822438211304867,0.004819529134036065,0.0034298743131961837,0.0009855683909505536,0.9999577956299879
