model_name,treatment_response_auc,qini_auc,uplift_auc,policy_gain_top10,policy_gain_top20,policy_gain_top30,mean_predicted_uplift,positive_uplift_rate,seed
s_learner_logistic,0.9502187139710698,0.18662072984761657,0.006040690673702515,0.008544139491454252,0.004902817774730981,0.0034607747613456903,0.0011698730625377136,1.0,
two_model_logistic,0.9502282920664304,0.18124087940705266,0.00586204264053127,0.00822438211304867,0.004819529134036065,0.0034298743131961837,0.0009855683909505536,0.9999577956299879,
t_learner_logistic,0.9502282920664304,0.18124087940705266,0.00586204264053127,0.00822438211304867,0.004819529134036065,0.0034298743131961837,0.0009855683909505536,0.9999577956299879,
ft_transformer,0.9566008613996053,0.18093165966960012,0.0058541581818159,0.00803539930968469,0.004831313405487023,0.003494521947280722,0.0006221275090055323,0.9936242788149442,
ft_transformer_causal,0.947789385967551,0.13837337616435008,0.004478111201023571,0.0026108027711942805,0.0031845840985247438,0.0034303636490296057,0.012977016554886065,0.7733686133253502,2026.0
ft_transformer_causal_ensemble,0.9521401524689772,0.12837477071818668,0.00415406345476657,0.0030394386124746207,0.002949764494479991,0.0027410133438287875,0.02094864801030113,0.9952001470714996,
